{"content":[],"settings":{"template":"default","system_colors":[{"_id":"primary","title":"Primary \/ Headings","color":"#0B162C"},{"_id":"text","title":"Text \/ Paragraphs","color":"#404650"},{"_id":"accent","title":"x Accent \/ Btn BG \/ Links","color":"#5DC5E3"},{"_id":"secondary","title":"x Secondary \/ Subheadings","color":"#404650"}],"custom_colors":[{"_id":"a0fe96f","title":"Dark BG","color":"#1D285C"},{"_id":"0ccbf47","title":"Soft BG","color":"#F9F9F9"},{"_id":"34fcf59","title":"Site BG","color":"#FFFFFF"},{"_id":"6244969","title":"Form BG","color":"#FFFFFF"},{"_id":"d0bbac9","title":"Border","color":"#D3D3D3"},{"_id":"4f4b866","title":"Button Text","color":"#FFFFFF"},{"_id":"ebbf1d8","title":"Button BG 1","color":"#5DC5E3"},{"_id":"d2d59cc","title":"Button BG 2","color":"#5DC5E3"},{"_id":"4fa29ad","title":"Button Border","color":"#5DC5E3"},{"_id":"ca5120d","title":"Button Text Hover","color":"#FFFFFF"},{"_id":"c656f1c","title":"Button BG Hover","color":"#1D285C"},{"_id":"bc8d992","title":"Button Border Hover","color":"#1D285C"},{"_id":"d7d2315","title":"Headings on DARK BG","color":"#FFFFFF"},{"_id":"7a61029","title":"P on Dark BG","color":"#FFFFFF"},{"_id":"8235737","title":"Text on Image","color":"#FFFFFF"},{"_id":"0a51f97","title":"Subtitle","color":"#404650"},{"_id":"445bfed","title":"Color 1","color":"#5DC5E3"},{"_id":"0b546ce","title":"Color 2","color":"#1D285C"},{"_id":"d934a8b","title":"Color 3","color":"#5DC5E3"},{"_id":"ff9a025","title":"Color 4","color":"#1D285C"},{"_id":"b4ec28f","title":"Overlay 1","color":"#0B162CCC"},{"_id":"958ddac","title":"Overlay Gradient 1","color":"#0B162CAD"},{"_id":"1de4327","title":"Overlay Gradient 2","color":"#0B162C38"},{"_id":"10a94b3","title":"Transparent","color":"#00000000"}],"system_typography":[{"_id":"primary","title":"Primary","typography_typography":"custom","typography_font_family":"Italiana","typography_font_weight":"500","typography_font_size":{"unit":"em","size":"3","sizes":[]},"typography_text_transform":"none","typography_font_style":"normal","typography_text_decoration":"none","typography_line_height":{"unit":"em","size":"1.2","sizes":[]},"typography_letter_spacing":{"unit":"px","size":"0","sizes":[]}},{"_id":"text","title":"Text","typography_typography":"custom","typography_font_family":"Jost","typography_font_weight":"400","typography_font_size":{"unit":"px","size":17,"sizes":[]},"typography_text_transform":"none","typography_font_style":"normal","typography_text_decoration":"none","typography_line_height":{"unit":"em","size":"1.5","sizes":[]},"typography_letter_spacing":{"unit":"px","size":"1","sizes":[]}},{"_id":"accent","title":"x Accent","typography_typography":"custom","typography_font_family":"Jost","typography_font_weight":"400","typography_font_size":{"unit":"em","size":"1","sizes":[]},"typography_text_transform":"none","typography_font_style":"normal","typography_text_decoration":"none","typography_line_height":{"unit":"em","size":"1","sizes":[]},"typography_letter_spacing":{"unit":"px","size":"1","sizes":[]}},{"_id":"secondary","title":"x Secondary","typography_typography":"custom","typography_font_family":"Jost","typography_font_weight":"500","typography_font_size":{"unit":"em","size":"2","sizes":[]},"typography_text_transform":"none","typography_font_style":"normal","typography_text_decoration":"none","typography_line_height":{"unit":"em","size":"1.2","sizes":[]},"typography_letter_spacing":{"unit":"px","size":"0","sizes":[]}}],"custom_typography":[{"_id":"42717a2","title":"Global Font","typography_typography":"custom","typography_font_family":"Jost","typography_font_size":{"unit":"px","size":"16","sizes":[]},"typography_font_weight":"400","typography_text_transform":"none","typography_font_style":"normal","typography_text_decoration":"none","typography_line_height":{"unit":"em","size":"1.5","sizes":[]},"typography_letter_spacing":{"unit":"px","size":"1","sizes":[]}},{"_id":"fd0ccda","title":"H1","typography_typography":"custom","typography_font_family":"Italiana","typography_font_size":{"unit":"em","size":"3","sizes":[]},"typography_font_weight":"500","typography_text_transform":"none","typography_font_style":"normal","typography_text_decoration":"none","typography_line_height":{"unit":"em","size":"1.1","sizes":[]},"typography_letter_spacing":{"unit":"px","size":"0","sizes":[]},"typography_font_size_tablet":{"unit":"em","size":"2.5","sizes":[]},"typography_font_size_mobile":{"unit":"em","size":"2.3","sizes":[]},"typography_line_height_tablet":{"unit":"em","size":"1","sizes":[]},"typography_line_height_mobile":{"unit":"em","size":"1","sizes":[]}},{"_id":"3b515e9","title":"H2","typography_typography":"custom","typography_font_family":"Italiana","typography_font_size":{"unit":"em","size":"2.5","sizes":[]},"typography_font_weight":"500","typography_text_transform":"none","typography_font_style":"normal","typography_text_decoration":"none","typography_line_height":{"unit":"em","size":"1.1","sizes":[]},"typography_letter_spacing":{"unit":"px","size":"0","sizes":[]},"typography_font_size_tablet":{"unit":"em","size":"2.3","sizes":[]},"typography_font_size_mobile":{"unit":"em","size":"2","sizes":[]},"typography_line_height_tablet":{"unit":"em","size":"1","sizes":[]},"typography_line_height_mobile":{"unit":"em","size":"1","sizes":[]}},{"_id":"f124006","title":"H3","typography_typography":"custom","typography_font_family":"Italiana","typography_font_size":{"unit":"em","size":"2","sizes":[]},"typography_font_weight":"500","typography_text_transform":"none","typography_font_style":"normal","typography_text_decoration":"none","typography_line_height":{"unit":"em","size":"1.2","sizes":[]},"typography_letter_spacing":{"unit":"px","size":"0","sizes":[]},"typography_font_size_tablet":{"unit":"em","size":"1.8","sizes":[]},"typography_font_size_mobile":{"unit":"em","size":"1.8","sizes":[]},"typography_line_height_tablet":{"unit":"em","size":"1","sizes":[]}},{"_id":"8c04063","title":"H4","typography_typography":"custom","typography_font_family":"Italiana","typography_font_size":{"unit":"em","size":"1.5","sizes":[]},"typography_font_weight":"500","typography_text_transform":"none","typography_font_style":"normal","typography_text_decoration":"none","typography_line_height":{"unit":"em","size":"1.2","sizes":[]},"typography_letter_spacing":{"unit":"px","size":"0","sizes":[]}},{"_id":"3b0f9a8","title":"H5","typography_typography":"custom","typography_font_family":"Italiana","typography_font_size":{"unit":"em","size":"1","sizes":[]},"typography_font_weight":"500","typography_text_transform":"none","typography_font_style":"normal","typography_text_decoration":"none","typography_line_height":{"unit":"em","size":"1.2","sizes":[]},"typography_letter_spacing":{"unit":"px","size":"-0.1","sizes":[]}},{"_id":"f706168","title":"H6","typography_typography":"custom","typography_font_family":"Italiana","typography_font_size":{"unit":"em","size":"0.9","sizes":[]},"typography_font_weight":"500","typography_text_transform":"none","typography_font_style":"normal","typography_text_decoration":"none","typography_line_height":{"unit":"em","size":"1.2","sizes":[]},"typography_letter_spacing":{"unit":"px","size":"0","sizes":[]}},{"_id":"31919b4","title":"Subtitle","typography_typography":"custom","typography_font_family":"Jost","typography_font_size":{"unit":"em","size":"0.8","sizes":[]},"typography_font_weight":"400","typography_text_transform":"uppercase","typography_font_style":"normal","typography_text_decoration":"none","typography_line_height":{"unit":"em","size":"1.2","sizes":[]},"typography_letter_spacing":{"unit":"px","size":"2","sizes":[]}},{"_id":"927ae6c","title":"Slide","typography_typography":"custom","typography_font_family":"Italiana","typography_font_size":{"unit":"em","size":"7","sizes":[]},"typography_font_weight":"500","typography_text_transform":"none","typography_font_style":"normal","typography_text_decoration":"none","typography_line_height":{"unit":"em","size":"1","sizes":[]},"typography_letter_spacing":{"unit":"px","size":"0","sizes":[]},"typography_font_size_tablet":{"unit":"em","size":"3","sizes":[]},"typography_font_size_mobile":{"unit":"em","size":"2.5","sizes":[]},"typography_line_height_tablet":{"unit":"em","size":"1","sizes":[]},"typography_line_height_mobile":{"unit":"em","size":"1","sizes":[]}},{"_id":"0d42e32","title":"Counter Numbers","typography_typography":"custom","typography_font_family":"Italiana","typography_font_size":{"unit":"em","size":"4","sizes":[]},"typography_font_weight":"500","typography_text_transform":"none","typography_font_style":"normal","typography_text_decoration":"none","typography_line_height":{"unit":"em","size":"1","sizes":[]},"typography_letter_spacing":{"unit":"px","size":"0","sizes":[]},"typography_font_size_tablet":{"unit":"em","size":"3","sizes":[]},"typography_font_size_mobile":{"unit":"em","size":"2","sizes":[]},"typography_line_height_tablet":{"unit":"em","size":"1","sizes":[]},"typography_line_height_mobile":{"unit":"em","size":"1","sizes":[]}},{"_id":"19445a5","title":"Button","typography_typography":"custom","typography_font_family":"Jost","typography_font_size":{"unit":"em","size":0.8000000000000000444089209850062616169452667236328125,"sizes":[]},"typography_font_weight":"400","typography_text_transform":"uppercase","typography_font_style":"normal","typography_text_decoration":"none","typography_line_height":{"unit":"em","size":"1","sizes":[]},"typography_letter_spacing":{"unit":"px","size":"2","sizes":[]}},{"_id":"9c5aacb","title":"Button Small","typography_typography":"custom","typography_font_family":"Jost","typography_font_size":{"unit":"em","size":"0.8","sizes":[]},"typography_font_weight":"400","typography_text_transform":"none","typography_font_style":"normal","typography_text_decoration":"none","typography_line_height":{"unit":"em","size":"1","sizes":[]},"typography_letter_spacing":{"unit":"px","size":"1","sizes":[]}},{"_id":"c14f5c3","title":"Top Header","typography_typography":"custom","typography_font_family":"Jost","typography_font_size":{"unit":"em","size":"0.9","sizes":[]},"typography_font_weight":"400","typography_text_transform":"none","typography_font_style":"normal","typography_text_decoration":"none","typography_line_height":{"unit":"em","size":"1.2","sizes":[]},"typography_letter_spacing":{"unit":"px","size":"1","sizes":[]}},{"_id":"7753db1","title":"Navigation","typography_typography":"custom","typography_font_family":"Jost","typography_font_size":{"unit":"em","size":"0.9","sizes":[]},"typography_font_weight":"400","typography_font_style":"normal","typography_text_decoration":"none","typography_line_height":{"unit":"em","size":"1.2","sizes":[]},"typography_letter_spacing":{"unit":"px","size":"1","sizes":[]},"typography_text_transform":"uppercase"},{"_id":"6c72217","title":"Big P","typography_typography":"custom","typography_font_family":"Jost","typography_font_size":{"unit":"em","size":"1.3","sizes":[]},"typography_font_weight":"400","typography_text_transform":"none","typography_font_style":"normal","typography_text_decoration":"none","typography_line_height":{"unit":"em","size":"1.5","sizes":[]},"typography_letter_spacing":{"unit":"px","size":"1","sizes":[]}},{"_id":"511909e","title":"404","typography_typography":"custom","typography_font_family":"Italiana","typography_font_size":{"unit":"em","size":"9","sizes":[]},"typography_font_weight":"500","typography_text_transform":"none","typography_font_style":"normal","typography_text_decoration":"none","typography_line_height":{"unit":"em","size":"1","sizes":[]},"typography_letter_spacing":{"unit":"px","size":"0","sizes":[]},"typography_font_size_tablet":{"unit":"em","size":"7","sizes":[]},"typography_font_size_mobile":{"unit":"em","size":"5","sizes":[]},"typography_line_height_tablet":{"unit":"em","size":"1","sizes":[]},"typography_line_height_mobile":{"unit":"em","size":"1","sizes":[]}},{"_id":"6220262","title":"Post Grid Title","typography_typography":"custom","typography_font_family":"Italiana","typography_font_size":{"unit":"em","size":"1.2","sizes":[]},"typography_font_weight":"500","typography_text_transform":"none","typography_font_style":"normal","typography_text_decoration":"none","typography_line_height":{"unit":"em","size":"1.2","sizes":[]},"typography_letter_spacing":{"unit":"px","size":"0","sizes":[]}}],"default_generic_fonts":"Sans-serif","container_width":{"unit":"px","size":"1350","sizes":[]},"container_padding":{"unit":"px","top":"0","right":"0","bottom":"0","left":"0","isLinked":"1"},"space_between_widgets":{"column":"0","row":"0","isLinked":"1","unit":"px","size":"0"},"page_title_selector":"h1.entry-title","hello_footer_copyright_text":"All rights reserved","activeItemIndex":1,"viewport_md":768,"viewport_lg":1025,"button_border_border":"solid","button_border_width":{"unit":"px","top":"0","right":"0","bottom":"0","left":"0","isLinked":"1"},"button_border_radius":{"unit":"px","top":"0","right":"0","bottom":"0","left":"0","isLinked":"1"},"button_hover_border_border":"solid","button_hover_border_width":{"unit":"px","top":"0","right":"0","bottom":"0","left":"0","isLinked":"1"},"button_hover_border_radius":{"unit":"px","top":"0","right":"0","bottom":"0","left":"0","isLinked":"1"},"button_padding":{"unit":"px","top":"15","right":"30","bottom":"15","left":"30","isLinked":""},"__globals__":{"button_text_color":"globals\/colors?id=4f4b866","button_background_color":"globals\/colors?id=ebbf1d8","button_hover_text_color":"globals\/colors?id=ca5120d","button_hover_background_color":"globals\/colors?id=c656f1c","button_border_color":"globals\/colors?id=4fa29ad","button_hover_border_color":"globals\/colors?id=d0bbac9","body_color":"globals\/colors?id=text","h1_color":"globals\/colors?id=primary","h2_color":"globals\/colors?id=primary","h3_color":"globals\/colors?id=primary","h4_color":"globals\/colors?id=primary","h5_color":"globals\/colors?id=primary","h6_color":"globals\/colors?id=primary","button_background_color_b":"globals\/colors?id=d2d59cc","button_hover_background_color_b":"globals\/colors?id=ebbf1d8","link_normal_color":"globals\/colors?id=text","body_typography_typography":"","h1_typography_typography":"globals\/typography?id=fd0ccda","h2_typography_typography":"globals\/typography?id=3b515e9","h3_typography_typography":"globals\/typography?id=f124006","h4_typography_typography":"globals\/typography?id=8c04063","h5_typography_typography":"globals\/typography?id=3b0f9a8","h6_typography_typography":"globals\/typography?id=f706168","button_typography_typography":"globals\/typography?id=19445a5","form_label_color":"globals\/colors?id=primary","form_label_typography_typography":"globals\/typography?id=text","form_field_typography_typography":"globals\/typography?id=text","form_field_text_color":"globals\/colors?id=text","form_field_accent_color":"globals\/colors?id=text","form_field_background_color":"globals\/colors?id=6244969","form_field_border_color":"globals\/colors?id=d0bbac9","form_field_focus_text_color":"globals\/colors?id=primary","form_field_focus_accent_color":"globals\/colors?id=primary","form_field_focus_background_color":"globals\/colors?id=6244969","form_field_focus_border_color":"globals\/colors?id=d0bbac9","settings_page_transitions_background_color":"globals\/colors?id=a0fe96f"},"button_text_color":"#FFFFFF","button_background_color":"#EC774B","button_border_color":"#EC774B","button_hover_text_color":"#FFFFFF","button_hover_background_color":"#EC774B","button_hover_border_color":"#F1F1F1","button_background_gradient_angle":{"unit":"deg","size":"90","sizes":[]},"button_hover_background_gradient_angle":{"unit":"deg","size":"90","sizes":[]},"form_field_border_border":"solid","form_field_border_width":{"unit":"px","top":"1","right":"1","bottom":"1","left":"1","isLinked":"1"},"form_field_border_radius":{"unit":"px","top":"0","right":"0","bottom":"0","left":"0","isLinked":""},"form_field_focus_border_border":"solid","form_field_focus_border_width":{"unit":"px","top":"1","right":"1","bottom":"1","left":"1","isLinked":"1"},"form_field_focus_border_radius":{"unit":"px","top":"0","right":"0","bottom":"0","left":"0","isLinked":"1"},"form_field_padding":{"unit":"px","top":"10","right":"20","bottom":"10","left":"20","isLinked":""},"settings_page_transitions_entrance_animation":"slide-out-down","settings_page_transitions_exit_animation":"slide-in-down","settings_page_transitions_preloader_type":"image","settings_page_transitions_preloader_image":{"url":"http:\/\/astrology.nicdark.com\/astrology-wordpress-theme\/wp-content\/uploads\/sites\/2\/2024\/06\/full-moon-on-a-white-background-2023-11-27-05-13-01-utc-min.png","id":"228","size":"","alt":"","source":"library"},"settings_page_transitions_preloader_animation":"bounce","settings_page_transitions_preloader_animation_duration":{"unit":"ms","size":"5000","sizes":[]},"settings_page_transitions_preloader_width":{"unit":"px","size":"100","sizes":[]},"woocommerce_cart_page_id":"1284","woocommerce_checkout_page_id":"1285","woocommerce_myaccount_page_id":"1286","woocommerce_terms_page_id":"1088","woocommerce_purchase_summary_page_id":"1287","woocommerce_shop_page_id":"1283","colors_enable_styleguide_preview":"yes","typography_enable_styleguide_preview":"yes","body_color":"#5F5F5F","body_typography_typography":"custom","body_typography_font_family":"Source Sans Pro","body_typography_font_size":{"unit":"px","size":"16","sizes":[]},"body_typography_font_weight":"400","body_typography_text_transform":"none","body_typography_font_style":"normal","body_typography_text_decoration":"none","body_typography_line_height":{"unit":"em","size":"1.5","sizes":[]},"body_typography_letter_spacing":{"unit":"px","size":"1","sizes":[]},"link_normal_color":"#5F5F5F","h1_color":"#343434","h1_typography_typography":"custom","h1_typography_font_family":"Capriola","h1_typography_font_size":{"unit":"em","size":"3","sizes":[]},"h1_typography_font_weight":"400","h1_typography_text_transform":"none","h1_typography_font_style":"normal","h1_typography_text_decoration":"none","h1_typography_line_height":{"unit":"em","size":"1.1","sizes":[]},"h1_typography_letter_spacing":{"unit":"px","size":"0","sizes":[]},"h2_color":"#343434","h2_typography_typography":"custom","h2_typography_font_family":"Capriola","h2_typography_font_size":{"unit":"em","size":"2.5","sizes":[]},"h2_typography_font_weight":"400","h2_typography_text_transform":"none","h2_typography_font_style":"normal","h2_typography_text_decoration":"none","h2_typography_line_height":{"unit":"em","size":"1.1","sizes":[]},"h2_typography_letter_spacing":{"unit":"px","size":"0","sizes":[]},"h3_color":"#343434","h3_typography_typography":"custom","h3_typography_font_family":"Capriola","h3_typography_font_size":{"unit":"em","size":"2","sizes":[]},"h3_typography_font_weight":"400","h3_typography_text_transform":"none","h3_typography_font_style":"normal","h3_typography_text_decoration":"none","h3_typography_line_height":{"unit":"em","size":"1.2","sizes":[]},"h3_typography_letter_spacing":{"unit":"px","size":"0","sizes":[]},"h4_color":"#343434","h4_typography_typography":"custom","h4_typography_font_family":"Capriola","h4_typography_font_size":{"unit":"em","size":"1.5","sizes":[]},"h4_typography_font_weight":"400","h4_typography_text_transform":"none","h4_typography_font_style":"normal","h4_typography_text_decoration":"none","h4_typography_line_height":{"unit":"em","size":"1.2","sizes":[]},"h4_typography_letter_spacing":{"unit":"px","size":"0","sizes":[]},"h5_color":"#343434","h5_typography_typography":"custom","h5_typography_font_family":"Capriola","h5_typography_font_size":{"unit":"em","size":"1","sizes":[]},"h5_typography_font_weight":"400","h5_typography_text_transform":"none","h5_typography_font_style":"normal","h5_typography_text_decoration":"none","h5_typography_line_height":{"unit":"em","size":"1.2","sizes":[]},"h5_typography_letter_spacing":{"unit":"px","size":"-0.1","sizes":[]},"h6_color":"#343434","h6_typography_typography":"custom","h6_typography_font_family":"Capriola","h6_typography_font_size":{"unit":"em","size":"0.9","sizes":[]},"h6_typography_font_weight":"400","h6_typography_text_transform":"none","h6_typography_font_style":"normal","h6_typography_text_decoration":"none","h6_typography_line_height":{"unit":"em","size":"1.2","sizes":[]},"h6_typography_letter_spacing":{"unit":"px","size":"0","sizes":[]},"button_typography_typography":"custom","button_typography_font_family":"Source Sans Pro","button_typography_font_size":{"unit":"em","size":"0.9","sizes":[]},"button_typography_font_weight":"400","button_typography_text_transform":"uppercase","button_typography_font_style":"normal","button_typography_text_decoration":"none","button_typography_line_height":{"unit":"em","size":"1","sizes":[]},"button_typography_letter_spacing":{"unit":"px","size":"2","sizes":[]},"button_background_color_b":"#EC774B","button_hover_background_color_b":"#EC774B","form_label_color":"#343434","form_label_typography_typography":"custom","form_label_typography_font_family":"Source Sans Pro","form_label_typography_font_size":{"unit":"px","size":"16","sizes":[]},"form_label_typography_font_weight":"400","form_label_typography_text_transform":"none","form_label_typography_font_style":"normal","form_label_typography_text_decoration":"none","form_label_typography_line_height":{"unit":"em","size":"1.5","sizes":[]},"form_label_typography_letter_spacing":{"unit":"px","size":"1","sizes":[]},"form_field_typography_typography":"custom","form_field_typography_font_family":"Source Sans Pro","form_field_typography_font_size":{"unit":"px","size":"16","sizes":[]},"form_field_typography_font_weight":"400","form_field_typography_text_transform":"none","form_field_typography_font_style":"normal","form_field_typography_text_decoration":"none","form_field_typography_line_height":{"unit":"em","size":"1.5","sizes":[]},"form_field_typography_letter_spacing":{"unit":"px","size":"1","sizes":[]},"form_field_text_color":"#5F5F5F","form_field_accent_color":"#5F5F5F","form_field_background_color":"#FFFFFF","form_field_border_color":"#F1F1F1","form_field_focus_text_color":"#343434","form_field_focus_accent_color":"#343434","form_field_focus_background_color":"#FFFFFF","form_field_focus_border_color":"#F1F1F1","h1_typography_font_size_tablet":{"unit":"em","size":"2.5","sizes":[]},"h1_typography_font_size_mobile":{"unit":"em","size":"2.3","sizes":[]},"h1_typography_line_height_tablet":{"unit":"em","size":"1","sizes":[]},"h1_typography_line_height_mobile":{"unit":"em","size":"1","sizes":[]},"h2_typography_font_size_tablet":{"unit":"em","size":"2.3","sizes":[]},"h2_typography_font_size_mobile":{"unit":"em","size":"2","sizes":[]},"h2_typography_line_height_tablet":{"unit":"em","size":"1","sizes":[]},"h2_typography_line_height_mobile":{"unit":"em","size":"1","sizes":[]},"h3_typography_font_size_tablet":{"unit":"em","size":"1.8","sizes":[]},"h3_typography_font_size_mobile":{"unit":"em","size":"1.8","sizes":[]},"h3_typography_line_height_tablet":{"unit":"em","size":"1","sizes":[]},"settings_page_transitions_background_color":"#EC774B"},"metadata":[],"theme":{"name":"Marina","theme_uri":"http:\/\/www.nicdark.com","version":"3.0","slug":"marina"},"experiments":{"e_font_icon_svg":{"name":"e_font_icon_svg","title":"Inline Font Icons","state":"default","default":"active","release_status":"stable"},"additional_custom_breakpoints":{"name":"additional_custom_breakpoints","title":"Additional Custom Breakpoints","state":"default","default":"active","release_status":"stable"},"container":{"name":"container","title":"Container","state":"default","default":"active","release_status":"stable"},"e_optimized_markup":{"name":"e_optimized_markup","title":"Optimized Markup","state":"default","default":"active","release_status":"stable"},"e_pro_free_trial_popup":{"name":"e_pro_free_trial_popup","title":"Pro Free Trial Popup","state":"default","default":"active","release_status":"alpha"},"nested-elements":{"name":"nested-elements","title":"Nested Elements","state":"default","default":"active","release_status":"stable"},"pages_panel":{"name":"pages_panel","title":"Pages Panel","state":"default","default":"inactive","release_status":"alpha"},"home_screen":{"name":"home_screen","title":"Elementor Home Screen","state":"default","default":"active","release_status":"stable"},"e_atomic_elements":{"name":"e_atomic_elements","title":"Atomic Widgets","state":"default","default":"inactive","release_status":"alpha"},"e_classes":{"name":"e_classes","title":"Global Classes","state":"default","default":"inactive","release_status":"alpha"},"global_classes_should_enforce_capabilities":{"name":"global_classes_should_enforce_capabilities","title":"Enforce global classes capabilities","state":"default","default":"active","release_status":"dev"},"e_variables":{"name":"e_variables","title":"Variables","state":"default","default":"active","release_status":"alpha"},"cloud-library":{"name":"cloud-library","title":"Cloud Library","state":"active","default":"active","release_status":"stable"},"e_opt_in_v4_page":{"name":"e_opt_in_v4_page","title":"Editor v4 (Opt In Page)","state":"default","default":"active","release_status":"alpha"},"e_opt_in_v4":{"name":"e_opt_in_v4","title":"Editor V4","state":"default","default":"inactive","release_status":"alpha"},"e_components":{"name":"e_components","title":"Components","state":"default","default":"inactive","release_status":"dev"},"import-export-customization":{"name":"import-export-customization","title":"Import\/Export Customization","state":"default","default":"active","release_status":"beta"},"editor_events":{"name":"editor_events","title":"Elementor Editor Events","state":"default","default":"active","release_status":"alpha"}}}